<?xml version="1.0" encoding="UTF-8"?>
<faceted-project>
  <runtime name="Apache Tomcat v9.0"/>
  <secondary-runtime name="Apache Tomcat v8.0"/>
  <secondary-runtime name="Apache Tomcat v8.0 (2)"/>
  <secondary-runtime name="Apache Tomcat v8.0 (3)"/>
  <secondary-runtime name="Apache Tomcat v9.0 (2)"/>
  <secondary-runtime name="Apache Tomcat v9.0 (3)"/>
  <secondary-runtime name="Apache Tomcat v9.0 (4)"/>
  <fixed facet="jst.web"/>
  <fixed facet="wst.jsdt.web"/>
  <fixed facet="java"/>
  <installed facet="jst.web" version="2.5"/>
  <installed facet="wst.jsdt.web" version="1.0"/>
  <installed facet="jpt.jpa" version="2.1"/>
  <installed facet="java" version="1.7"/>
</faceted-project>
